customerId,nama,username,password
0,Salwa Hutasoit,gainiscoxia2p,jptaqz
1,Ratih Susanti,amfioenn8,yeurka
2,Calista Ardianto,telekopiaui,pjyvmu
3,Perkasa Suryatmi,lanvaldear9c,nsdxxx
4,Sabri Zulkarnain,vogla99,ddaxyh
5,Umi Susanti,wonikelat6,duwcbq
6,Kartika Maryati,szynszylern,kagxte
7,Ega Nugroho,fuzzycowxu,qyzmqy
8,Bajragin Utami,deffawattzx,jwccvn
9,Bajragin Suryatmi,lasykarq3,fcxgzy
10,Kamaria Rahimah,solsesm5,czptvd
11,Rini Rahmawati,rygielh8,rbdswu
12,Ajiman Sudiati,misasau8,gktxwe
13,Kiandra Anggraini,lanaveargoski,vqvvgq
14,Reza Halimah,anatotreatecu,tdhspf
15,Shania Mardhiyah,malonty9o,fkfhuc
16,Vinsen Zulaika,slerazertey,jgfpjy
17,Patricia Aryani,torticcioes,rbjbqu
18,Clara Puspita,tartuquic5,xfkpay
19,Surya Hutagalung,sondaggioud,knbzub
20,Uli Riyanti,impumefoolypetf,zvwmec
21,Wira Budiyanto,opisivaliqk,mcvtgg
22,Olivia Pratama,midalocanianw,rgsrmp
23,Michelle Yuniar,schelden8r,smujqw
24,Cinthia Mulyani,kaboomstudio94,sypkef
25,Mitra Wacana,esclairatui,bmkwkg
26,Vera Widiastuti,steekvlamiv,vsearh
27,Nyoman Hakim,za4bsgc,srrvts
28,Rafi Permata,mwongozop7,nwdfng
29,Novi Usamah,dovinulayr,qbtbkj
30,Padma Rahimah,davidxguyc7,vngmvp
31,Kariman Permadi,sharpeib,xgpzej
32,Xanana Marpaung,hinauftunzb,neqety
33,Panji Maulana,missmartyredfi,xnpqns
34,Yuni Aryani,entinkathax3x,ywwmpu
35,Sadina Melani,savoyardrr,ymwfhy
36,Umaya Maryati,mezetire,zgxhcx
37,Paramita Hartati,thruhazleyespw,eeznef
38,Ira Rahimah,10positifk3,pamwzs
39,Carub Mulyani,aptytlikw9,ejtgxr
40,Restu Thamrin,cirilovp8,nrwufg
41,Irma Usada,wielimowouo,txmrmv
42,Lala Pratiwi,mechniirhw,zmkqyh
43,Devi Mandasari,noticiasn23,tudjbz
44,Restu Nainggolan,endgegnerus,xdgdzq
45,Bakti Nainggolan,fjellveidr,asvtsx
46,Azalea Hutagalung,bebuyutan0q,avdyzc
47,Puti Lazuardi,bugitti4h,vyxwvc
48,Queen Suryatmi,rme2k1an3c,gfmtbs
49,Irma Simbolon,kandrar0,jtxqvx
50,Ami Wasita,viodillappyxs,cxawta
51,Jagaraga Pradana,bruktisvk,awdngd
52,Iriana Widiastuti,liposeay,mdxqjz
53,Dodo Saefullah,poludijuyh,uawhhr
54,Danu Hardiansyah,doralianc,bnaakw
55,Mala Simanjuntak,rirminossynizfw,fqfhkm
56,Maya Widiastuti,notgehwegd6,xskdyr
57,Karimah Riyanti,amoniti0j,kgdgjx
58,Wasis Nuraini,ksakid15hx,yztdvb
59,Ophelia Pradipta,drugfreeloserrs,kydumr
60,Malika Prasetya,uvaljajte6h,gqbdrh
61,Lala Yuliarti,hardball150711c,ykztjx
62,Sidiq Prasasta,aszkorbind9,fycejz
63,Mutia Maulana,coleen39,xfyrzy
64,Cahyanto Nuraini,fruchejarog,yfmzmu
65,Silvia Uyainah,neuljudna5n,vvydnb
66,Jail Thamrin,jouncazindino53,vfepgn
67,Kiandra Rajasa,awaisazohilialj,sjxceq
68,Lidya Safitri,m2s1ondwh,kcqjzq
69,Nabila Permadi,pomirisaip,tabyyd
70,Intan Waluyo,luks4tln,sgtwuv
71,Siti Puspita,polovnikei,hafskd
72,Ophelia Namaga,genenioj,kbuqvq
73,Uchita Nurdiyanti,toquetegei0,wgjgwa
74,Ira Lailasari,inerten1q,xnhevg
75,Dimaz Astuti,sheshob6,yraakw
76,Pranata Namaga,normalenpl,amkcst
77,Ghaliyati Mardhiyah,dikana9,txbvjr
78,Ophelia Putra,herederay7,sazneq
79,Wasis Pranowo,diridonibz,afbkjf
80,Ina Prasetyo,embestewoorrygy,eqycmg
81,Mariadi Kurniawan,stebrnwm,jqpkby
82,Farhunnisa Saragih,frasgamuuo,scjaua
83,Ami Uwais,kittyxnobaka9v,nzejfg
84,Mutia Uyainah,affcinephotogq,pjwdtm
85,Irnanto Farida,pijptabake1,tzfpsx
86,Nugraha Rahmawati,valorizat3y,zcagvc
87,Timbul Prasetyo,umipalermij,rwdsyy
88,Putri Hassanah,sallvissej4,kpyvfe
89,Dirja Nababan,ucishiwep2,nzyvxh
90,Kasiyah Rahmawati,hofsangerxy,bgtksv
91,Martani Nurdiyanti,verwendertv,kjzyfh
92,Sarah Nurdiyanti,spjaldinun5,avkstv
93,Johan Hasanah,is100652m4,haexfg
94,Nyoman Napitupulu,telehits3,nmmfuv
95,Hasim Mulyani,assages7o,rnqscp
96,Danuja Hidayanto,gateevitsqo,kttchn
97,Tirta Hasanah,ferracanor5,kcrmje
98,Mitra Simbolon,malaref3,yghhxw
99,Adhiarja Kuswandari,digyffro3e,cezqsq
100,Erik Rajata,ddigi66,pmnrdz
101,Hafshah Nasyidah,orientenewsvs,htsbhu
102,Maria Kusmawati,sezvatzi,jrdste
103,Mala Tamba,ahoraque21cu,vpbcgs
104,Unjani Wacana,waschfest4t,zzhvuy
105,Najib Mandasari,enturrava2g,myqxbp
106,Ismail Suartini,orijentirwy,zbyxks
107,Clara Palastri,2lelemz5r,dfdnzq
108,Febi Puspita,gotaisewx,ymjcnh
109,Arta Winarsih,fardalhaug,fcqtus
110,Gambira Nashiruddin,mephrina7u,kbfcah
111,Tedi Wijayanti,dezernat0l,aazqnh
112,Marwata Nuraini,tabussoj6,txxtru
113,Keisha Yuliarti,sarceireyn,usymss
114,Asmadi Habibi,ventomareirob9,wsfrwa
115,Hani Saefullah,soippestek8,aukswc
116,Garda Sihombing,serresmm,mznkfy
117,Puspa Lestari,aimsleydale2j,sgwscc
118,Puspa Kusmawati,fermatina7a,wqcjzm
119,Vera Nainggolan,weerwerkyi,przrmv
120,Soleh Nainggolan,jandylu8634,gvehqn
121,Yance Maulana,svertid6,pscedx
122,Ajeng Purwanti,vekringalr,tpegvb
123,Harsanto Iswahyudi,hordissisfg,rhwfuk
124,Taufik Yuliarti,suhartowief,vtvndz
125,Cinthia Damanik,skitnicibb,dhymew
126,Okta Hastuti,stisnjenbu,vvszmt
127,Embuh Mahendra,xavierballusmr,hzhzvf
128,Gambira Hariyah,ignigitoesopy9u,amvdvr
129,Zulfa Kusmawati,plusqx,ebyztr
130,Nabila Wahyudin,pliewr,zsewsg
131,Samsul Sihombing,curringkq,ydcpeh
132,Parman Najmudin,omsnakkaid,vqexmw
133,Wirda Tamba,nagykajdiua,hqywuc
134,Zulfa Wibisono,albatrossep,bpbgqu
135,Titi Oktaviani,slotvylnt,tdvtnr
136,Bala Suryono,st3a4ktb0,ktwvpv
137,Prasetya Utami,klinostat1g,pbjdag
138,Timbul Susanti,ependimxx,uxapws
139,Ciaobella Purnawati,ljubomoran6,sethbk
140,Padmi Tamba,loodvisfk,zywcgn
141,Jaka Hakim,somasomajg,empurv
142,Queen Astuti,russiandballz,djzyfq
143,Sabrina Laksita,zoornebreagqj,yudeck
144,Hendri Latupono,cornelau4,pszptf
145,Samiah Nurdiyanti,holz2626je,fxywaa
146,Sarah Thamrin,bom8u,ebxjpm
147,Luwar Safitri,bliadhnar4,azgnqk
148,Ulva Situmorang,jdigges4211xt,xjyxsa
149,Dinda Situmorang,defekacemq,mgwute
150,Yulia Hartati,lokavkahvt,qhpwhy
151,Julia Firgantoro,tibpreottserofc,tgrpbr
152,Genta Andriani,plearmaroj9,gtwcdg
153,Cinthia Thamrin,z2sautbg,ubecdr
154,Rika Yuliarti,modonuttimc,afjrns
155,Limar Manullang,allegorieuy,umncpp
156,Anggabaya Palastri,dellgurl86ym,vhdvvn
157,Bakianto Wijayanti,enlegigibd,jhemkz
158,Fitriani Wastuti,chapatilu,qxyphf
159,Intan Jailani,devalenzadj,ynsnvj
160,Labuh Rajasa,skitnicimu,gwvxbv
161,Paris Rahayu,gardadoroy,rdqgqc
162,Elma Situmorang,mohrov4o,mtqjej
163,Yoga Handayani,raksturinr6,rfbtpb
164,Jaga Mandasari,txetxume6,urhhsz
165,Kurnia Wibowo,peglanjasd,pgjtve
166,Intan Pranowo,deugdelikxd,jxnmzj
167,Maria Melani,dilaiatnx,wycmdv
168,Rahmat Saefullah,rockbien5x,zftuuq
169,Queen Adriansyah,statenlidz8,xfwegx
170,Ayu Kusumo,remiravice,htnnef
171,Johan Dabukke,filipovimbf,hmhgtb
172,Jayeng Pudjiastuti,ddigofusd7,rvttsg
173,Zulaikha Pranowo,intawaymn1h,xwhmpf
174,Janet Nurdiyanti,farebbi1k,fvjmat
175,Panca Narpati,bandejatz2d,ukugxd
176,Zamira Padmasari,voerder1b,mncxwj
177,Karma Usamah,striplun7a,atuckn
178,Paramita Handayani,dadoviocaja,rvnjam
179,Zelaya Setiawan,momsewimmog74,drbxwd
180,Karya Farida,kadokxk,weasyk
181,Alambana Andriani,hydrophil69,mpgsey
182,Martaka Mardhiyah,bofavasoe,bxvydk
183,Endra Wibowo,wayncsweexbewgm,xqwmss
184,Naradi Mansur,arnegavi8d,jydqcb
185,Jaka Saragih,lizzieagy5,dgfrjr
186,Mulyanto Firgantoro,elmebajos4h,snfhkz
187,Johan Widodo,notaciju6c,uckwbd
188,Balangga Hidayat,brivoln7q44,hxyhaa
189,Aisyah Utami,furooppomadagj3,djfdpk
190,Kawaca Oktaviani,sijevape,jgfdmd
191,Unggul Hutagalung,answerguyrj,yucuer
192,Violet Lailasari,amiga4e,gzvyfv
193,Kenzie Rahimah,muthahucker0g,tnsjcm
194,Padmi Mayasari,dablenniq0,twuakg
195,Argono Safitri,hipogeukf,apdwnz
196,Cinta Pudjiastuti,obhodimvg,vuzchj
197,Leo Nainggolan,boiadacy,xuavvb
198,Diana Sihombing,theliakalnv,dbxgjm
199,Kardi Prasasta,atallai,pmndnb
200,Rahmi Kusumo,gaoltaj1,nbzvng
201,Bala Widodo,effeniu5,yjcmaf
202,Marsudi Mayasari,mezzoteraxo,cjksgz
203,Saka Handayani,tymiankab0,hywqqq
204,Citra Nuraini,sparddalboora4i,nktbtv
205,Panji Budiman,bongardo63,tdbugk
206,Amelia Setiawan,borttauezc,ujfzfw
207,Arsipatra Haryanti,madarak0s,ptywys
208,Aisyah Lestari,smiklesankvi,xhqskg
209,Emil Hidayanto,alullycob5g,jttjzv
210,Puput Pranowo,candidat18anss1,dwqpvq
211,Siti Wahyudin,embuqueslv,sefucu
212,Kasiran Novitasari,heiheidotscom7u,sbhmcq
213,Heryanto Susanti,pogozdimys,mtnvtd
214,Cakrawala Safitri,innride5u,rukkae
215,Laila Halimah,pritvorabi,rgpcht
216,Cahyono Saptono,stywingst,nvvaxa
217,Eko Dongoran,alcovejar08,hwkryt
218,Titin Wibisono,dxgrrrl6a,yxmnww
219,Gilda Pranowo,xokisses90o7,xckktd
220,Sidiq Prastuti,gerettet1d,keuntr
221,Yahya Wacana,udobnijom28,jekvqz
222,Jessica Padmasari,cutternqb,kvenuz
223,Ulva Pratama,portugalmixedng,zrfrzh
224,Paiman Prastuti,agentkama89,vrhxxw
225,Shakila Oktaviani,severnejept,dqrmqe
226,Cahyono Anggriawan,glunlileglusysc,bvwwmk
227,Kasiyah Yolanda,uyakuwa8u,uwtqsw
228,Mulyanto Laksmiwati,spinelo8,gnvzzy
229,Paulin Napitupulu,crabbedlf,yempme
230,Wirda Laksita,skondrasex,bmxysk
231,Latika Nuraini,kara1021029y,tpvyet
232,Karimah Melani,kinyunyaxm,aeakcs
233,Uchita Widiastuti,freixovl,djrsmy
234,Putri Winarsih,mohecem1,bnwpct
235,Titin Pradipta,haltaeisou,hdkjpk
236,Nova Wijayanti,playclartry,fukhrt
237,Jabal Sihotang,miguelargoskr,anmmmz
238,Lintang Mahendra,annabasthe,tzuhfg
239,Tina Wijayanti,trostleo2,yqzsaq
240,Najam Utama,kneeleicenimegk,qsjmrn
241,Queen Budiyanto,intrito6g,mqjuzx
242,Mala Oktaviani,aaskelk05,vdwsvt
243,Lamar Sitorus,vegsalt6c,hrqvpa
244,Wardaya Hasanah,prasfoucault23u,mvaauu
245,Padmi Anggraini,klotyldaz1,pambwx
246,Kala Uwais,ohonicidt,xjbykz
247,Syahrini Mangunsong,kalalacw,dqmvtn
248,Lintang Saptono,mytester0041a,jkhdue
249,Tugiman Napitupulu,sheepish34,tajccu
250,Yahya Fujiati,prensada7k,xadann
251,Malika Aryani,trebimbar0d,vzmbpw
252,Saadat Prayoga,vacondiouo,muzbbg
253,Ian Putra,suigklank5p,jhscvt
254,Bambang Firmansyah,bubblexdropsk6,hduxzj
255,Vicky Sudiati,ta4rt32,eyarrr
256,Galak Mandasari,arofunnonnn,eryymv
257,Oni Suryatmi,dathbetle19,tkhxrm
258,Tomi Utami,lediratz5r,bmjjce
259,Anita Mardhiyah,ingelyfms,sxmhpd
260,Yosef Halim,levitavasli,vcpphg
261,Cayadi Hartati,helewwbt7p,yytmrj
262,Natalia Handayani,lank33,vvthkr
263,Daliono Handayani,kiliwachou8,dydvda
264,Nardi Prasetyo,veiptjewnaitasc,mpjzuz
265,Eka Prasetya,geknaktzm,zyuyae
266,Hamima Anggriawan,amoursexqg,ufhngv
267,Agnes Saptono,crinutk1,xpyjag
268,Karma Hutagalung,cleflyplaipx7,jerjpr
269,Darman Widiastuti,cafetasil,bbnddq
270,Baktianto Situmorang,apeldeok,djnrnt
271,Taswir Permata,honajwale7i,fcpejj
272,Fitria Santoso,smattydawrq,bshbvj
273,Rina Nashiruddin,effelfeverbve,bcggys
274,Ulva Mahendra,hadschizl,krxxzu
275,Artawan Suartini,rodenski3z,yptkdf
276,Juli Prakasa,reconfiatrb,knaubr
277,Uchita Uwais,dulkbreetlew5,dpvcyx
278,Tami Fujiati,bearppitaru,ebdseu
279,Ilsa Hutasoit,emanuelaeg,zkakwk
280,Tedi Susanti,ocleppolx,nktwqq
281,Carub Yulianti,sexililgvstud3d,jyksep
282,Kairav Gunawan,entaparam6r,raqzbe
283,Bahuwarna Latupono,squeerecrow9d,sevacc
284,Uchita Permadi,camwarraiyd,thjagx
285,Najwa Marbun,blez8,ccdgqg
286,Jasmin Manullang,nategnuoio,qvkwzz
287,Luluh Suryono,leskaiga,qauevc
288,Ellis Hassanah,anaismefy,kgubmm
289,Heru Susanti,e3t2ols1,waykjq
290,Dartono Kusumo,raticidasak,dvzhzq
291,Muni Saragih,creeksidexk,umdbsa
292,Fitria Widodo,izogamieqt,cpkmbd
293,Bagya Setiawan,deanizzleb0,myfsuh
294,Maras Puspasari,najduljomm5,evnynm
295,Rachel Pudjiastuti,lithonywehh,mjmbdp
296,Jamalia Laksita,fajdigamikk,dehkvp
297,Damar Sitompul,hereidr3i,abxmed
298,Eja Mardhiyah,splayer988ee,nvhefz
299,Salimah Yuliarti,arystonp3,nqvrbe
300,Fathonah Hutapea,esclavicejo,gkwbbj
301,Yahya Pradana,ornandt2,qupqnq
302,Jaka Rajasa,valusyc,zamzzg
303,Mila Pranowo,gooperode3p,pnmygp
304,Hardi Padmasari,entacava08,cgfbfv
305,Nardi Purnawati,quetan1m,tevmpm
306,Karen Suartini,cleaner2s1,wdurkj
307,Intan Hardiansyah,athunjwepj,gupxbu
308,Putu Gunarto,beveronezj,zpbvkk
309,Uchita Latupono,alfabeteky,evttuf
310,Adiarja Firgantoro,patxaran09,txfcpq
311,Lalita Yuniar,lipslikesugarx3,rgejva
312,Uchita Nugroho,plepaiveatefr,efngct
313,Bella Mandasari,faithjump5h,jakfuq
314,Mila Haryanti,hymhelochbr,chutjv
315,Ira Kuswandari,prenosnomri,hctfvg
316,Fathonah Samosir,tabelomew,dfjjcb
317,Jamalia Budiyanto,54kilosvc,xbyyef
318,Usyi Wastuti,utykak3,aanmcu
319,Atmaja Ramadan,1vai9,ybunjc
320,Nugraha Susanti,szynszyleeu,vqtmdb
321,Embuh Hartati,bahbraitheq,ybghcs
322,Daliman Tampubolon,wymuszonyse,snzyfe
323,Ghaliyati Wahyuni,femexcanada0d,mpctze
324,Dimaz Hidayanto,biljarterfv,bmpvyr
325,Perkasa Santoso,seinlegay1,sapmkb
326,Vivi Putra,tombem9o,jrjnrk
327,Usyi Firmansyah,mormol6e,cyrwkp
328,Ganjaran Firgantoro,bucklings0,xhcakk
329,Elisa Manullang,endossammc,wqgvkd
330,Jatmiko Pranowo,feilbruk88,mcvpgj
331,Uchita Rahmawati,amadi9,mqnuwg
332,Vera Wahyuni,mokumer9y,gyssmb
333,Estiawan Hariyah,kqa21ur,fwqqez
334,Cengkir Tampubolon,probeluftq2,gxwhza
335,Cakrawala Puspita,2t1aba7,rdxzjp
336,Bagus Narpati,schijfje5o,wvfmsh
337,Juli Novitasari,meiddirv7,ndprem
338,Asmuni Nasyidah,tenkkorpsqu,skcmmz
339,Okto Latupono,siggass,bdjscv
340,Novi Napitupulu,tavanejarhu,zfujyt
341,Hasna Safitri,mommelt9a,vvthet
342,Catur Usada,2s1in1kuku,tdzgsw
343,Kamal Oktaviani,voljeliem,mkuazz
344,Talia Sudiati,hautarealkc,qjgkfx
345,Ana Susanti,nobeldepazj8,nppxzc
346,Ade Utama,arratan50,chqkdp
347,Safina Prasasta,appearmdeancejf,sujmbt
348,Karman Yulianti,yumegurlbp,szupza
349,Laswi Hasanah,wyryfi7,wftwek
350,Bahuraksa Pertiwi,filmdrukbr,hendqh
351,Rachel Mardhiyah,propusnaey,kgegrp
352,Cemani Wibowo,d3a2l1col,nmcdyp
353,Kambali Hutagalung,hamahan0d,bdjvsn
354,Abyasa Susanti,longxdrivesd6,eqvzhf
355,Ajeng Suwarno,levitavaspw,umhksv
356,Daru Rahimah,warnbachv5,jmavrj
357,Ella Sudiati,adromira1f,zfvfzf
358,Jasmin Hartati,o1krisly84,xnwakc
359,Dimaz Wastuti,mynyddwrah,pehdsx
360,Eja Kusmawati,pakanisatw,hrjxpr
361,Emin Nasyiah,natepfeil210er,dspnhc
362,Zulaikha Safitri,ornerivas0d,axqxzt
363,Raisa Sihombing,kuroiroko85,nsunqd
364,Ajiono Prabowo,gittepv,vbdbbd
365,Patricia Usamah,gedientjg,gmkssg
366,Hartana Mardhiyah,freisenuo,zqntbc
367,Yessi Agustina,kistufell6p,ruxcyz
368,Olga Yuniar,perscillalucy4l,fvsbgf
369,Nova Wibisono,malamaca07zz,bnjdbg
370,Narji Jailani,esvrentich,dqxsss
371,Gatra Ramadan,daratli,ecqzcu
372,Jamalia Hidayanto,beezystofly41,dybzyb
373,Okta Wijaya,robertvujas5,wkggkg
374,Titin Lailasari,ploteotamot0f,cemetn
375,Violet Hardiansyah,colloblogqv,mntbum
376,Laila Jailani,morashauw,gypnzm
377,Hari Fujiati,lemseshiuy,nqyzsk
378,Kariman Tampubolon,nuwelingr3,ekeatp
379,Nardi Hartati,kwabakinigl,mqkaea
380,Mila Agustina,olovisams,waztkm
381,Atma Salahudin,isaacduffje,ycjmxh
382,Galuh Rajata,jeorkewdekten8k,agbkee
383,Wira Hastuti,kristovap8,tqgakq
384,Ratih Wahyuni,botalla2v,hwgpbh
385,Sadina Melani,pijanina0m,ynfvva
386,Fitriani Hasanah,loorryreexror82,ggakyq
387,Parman Rahayu,tapsolgatl4,vnrpzd
388,Cayadi Hutapea,falanster1c,dswfbe
389,Puji Wasita,maintenancemobk,huasra
390,Latika Kusumo,easbhuidh40,xkferp
391,Estiono Lestari,miguruto9l,epsfyx
392,Uda Mangunsong,nips8p,yaqrnd
393,Restu Sinaga,trillionrq,mbtega
394,Jayadi Narpati,andrespol7u,ybkegy
395,Ade Waskita,pavynonyzoomsxw,czjzkd
396,Melinda Lestari,busterfan92zx,aencff
397,Bakijan Purnawati,b5ut5our,ucavtt
398,Maida Mardhiyah,juliaboobliav4,apdhcv
399,Rahmi Yuniar,ppxl19o,qmhcpa
400,Uli Novitasari,hovudhamnur,kcgnvq
401,Dimaz Uyainah,apostada4z,tzpayh
402,Safina Purwanti,alitletledd,yusvzh
403,Kamidin Rahmawati,mncanizm,ydvmxn
404,Tiara Maulana,vengoriyp,ngfjrp
405,Wisnu Nuraini,danpengu7,msushm
406,Maimunah Mahendra,karnivoreuo,ydvufc
407,Marsito Wacana,tvorcita,devvpu
408,Tasdik Mahendra,kraitoje,zaqxvv
409,Silvia Prastuti,beotieza,vsxzqc
410,Ivan Rahimah,vanlukkurcm,crbkhb
411,Ida Siregar,stoffarbehs,mzqnab
412,Kania Novitasari,lokekgn,gvmpvh
413,Marwata Pranowo,ajacats1s,rfvdth
414,Elma Prasasta,kultivertua,qsygrh
415,Rahmi Hutapea,de2ti1kafv,sspjrm
416,Cindy Rajasa,gemsinhipseyl,gmueed
417,Gilda Pranowo,whateeverspa,fjqupu
418,Lutfan Kurniawan,veiptjewnaitayx,fwamzt
419,Syahrini Mandala,malayalamla,swffkv
420,Sarah Puspita,mordidashl,ykwtjr
421,Kusuma Novitasari,concepereu7,whvrdq
422,Hilda Purnawati,llanwrinxn,xregyt
423,Rachel Yolanda,taurgeprailerkt,ypwuwk
424,Usman Usada,sweetfatguyuv,shtryg
425,Shakila Widodo,mommyvail38,pzdszx
426,Puspa Waskita,odlivakf9,xdgfhg
427,Anggabaya Uyainah,vindbare4l,gkqszw
428,Yuni Lailasari,mittichke,uepnad
429,Eja Hastuti,lyukaszte6,nqsmey
430,Gamanto Kusmawati,alealesruizj1,ejzjyg
431,Titi Utami,mlekovod4s,uyjygg
432,Wadi Nuraini,fanatiketx,cvsyxf
433,Elvina Nurdiyanti,imeangukapi,wwkzxw
434,Purwa Kusmawati,dokkumje,zusrzk
435,Genta Prasetya,altasakenww,hfrahj
436,Rahmi Hidayat,bljutava0q,nxpant
437,Raditya Hidayanto,nyczflamezxpqb,caewax
438,Luis Hassanah,drevenikuse,vgjaqr
439,Rini Sirait,vattnesf0,ktfage
440,Karen Irawan,asianxb0,mgssdc
441,Silvia Yulianti,rikwenuil,wwpeva
442,Betania Lazuardi,inovovatry,vgkbjy
443,Bajragin Widodo,gateevits1l,kvjnhy
444,Ade Hartati,armenindua3,qvyamt
445,Aurora Waskita,voismnigsoorkeh,jcxveu
446,Ikin Purwanti,miterjey1,mvwkwq
447,Irma Wijayanti,kozarev8z,aafzba
448,Nyana Purwanti,heiheidotscom4m,fsuhfz
449,Tasnim Nuraini,yositigerxtm,uxubut
450,Halima Najmudin,amplifica0l,rahtjk
451,Karimah Lailasari,hunny1104k9,scjewa
452,Sadina Wulandari,formieribd,afbent
453,Galur Simbolon,busplaubfuhpy,uwxckx
454,Kayun Sitompul,yueqianj5,aayhwv
455,Gilda Anggriawan,jugaroiy1,krbkuq
456,Panca Astuti,nap1prba,rbhfqq
457,Umar Hidayat,claritabfreju,gkmrdy
458,Prayitna Dongoran,skilopercz,txzefa
459,Gara Hasanah,vajgelovoj2,tttpqd
460,Indah Jailani,goniteljiky,wdxeud
461,Sabri Uyainah,frapazz,qgstku
462,Dalimin Hariyah,lakermaniac34go,zdncdw
463,Zulaikha Prasetya,celoabrablehv,bbrwzt
464,Lintang Sinaga,dovinula59,jwketw
465,Shania Andriani,aporieac,fnbrmg
466,Carub Permadi,bubblexdropspl,tfwuee
467,Lutfan Utama,timacrouv,fzjxvq
468,Warsita Maryati,tekladuog,gvbzmv
469,Chelsea Iswahyudi,esseclurowsxi,supkww
470,Hana Farida,asd9v,kykygd
471,Belinda Mansur,bustanini83,strnhg
472,Darmana Hutapea,asianxsj,xyqfap
473,Virman Samosir,ortodontcb,bjtaza
474,Almira Thamrin,strategko,qrmuxp
475,Nova Wijayanti,eerbaarlg,ubhfwj
476,Ayu Purnawati,prispijulj,cegddz
477,Yunita Saputra,gebiechtere,stayzr
478,Ella Permadi,franconuovogk,rdkgde
479,Darimin Mayasari,prunn8j,sdrajj
480,Dian Marpaung,taitneasp5,pdkqjp
481,Yani Rahmawati,bluetrickx4,zzrqym
482,Bahuwirya Nababan,gariadap,mbnryf
483,Nadine Pranowo,gvidlibro95,gnwkms
484,Yunita Halim,forraxek3,kxjwxv
485,Vicky Jailani,specialkannyjj,bfgbcx
486,Azalea Pranowo,risankbm,etnjty
487,Anita Hakim,tarazanaug,xcrveb
488,Bakiadi Wahyudin,pokipokim9,wvpgda
489,Mila Susanti,waiting4him189r,xgktrv
490,Ani Lestari,prearlscewsl5,mxtuja
491,Nilam Prasasta,bos2s2znm,rhkmvr
492,Opan Susanti,gamucci4q,mzmssb
493,Padmi Iswahyudi,zburaia6,hejjrx
494,Aisyah Maulana,crazimareb5,qyxznr
495,Kemal Wasita,mrmagoowv,gkwdhh
496,Yahya Pudjiastuti,eclipsatsr8,nkhmah
497,Cagak Lazuardi,testx272t,wdcjft
498,Tasnim Halim,dezernath7,fynwqf
499,Dinda Narpati,wstyd9y,qppjse
500,Darmana Hariyah,antssyqa,uesrng
501,Jelita Rajasa,utflyttar9y,yghvrp
502,Cemplunk Hastuti,lembala0f,gjftwt
503,Tira Purnawati,sarajully9193v,vjfucq
504,Yulia Pertiwi,ebclapi,vebbuh
505,Cahya Anggriawan,lleidiaulw,gugrvf
506,Edi Wahyuni,petljanjukz,jrwamm
507,Siti Kuswoyo,manona4d,wgdpmu
508,Raditya Puspita,perse05k6,erkzth
509,Jaiman Hasanah,schalholz4e,smwssf
510,Mutia Habibi,askalingers9,savhgj
511,Irma Laksmiwati,wrissespell4i,hpesxr
512,Harja Hardiansyah,bocchileor,qevxkr
513,Restu Pudjiastuti,mncanitw,vuxrjf
514,Unjani Tamba,doowbbd,tfphwz
515,Cahya Waluyo,abkaxw,wrhcgs
516,Nurul Novitasari,joudalkk,hyjyvh
517,Wira Prastuti,muliyahnall,aakzsm
518,Dariati Yuliarti,uzdas4,mddpyq
519,Galih Kuswandari,tombiraid,ncwpmn
520,Laras Januar,szewn5,abegra
521,Edi Purnawati,arrefendaaj,gghkxu
522,Shania Waluyo,fenh91,ndybjm
523,Candra Najmudin,abaneiquabeej,wtqknp
524,Latika Jailani,glinskimx7,dgaxbg
525,Halima Mandasari,krnshortea87y1,uumwvk
526,Endah Riyanti,kumujuag,yexncz
527,Maman Firmansyah,udomileu6,dxnmdp
528,Reza Yuliarti,lairdmcreaxw,ncypqe
529,Mulyanto Tamba,embluavas49,dkygyk
530,Cinthia Wastuti,raticidasb5,tdjbrz
531,Akarsana Purwanti,estopatjb,arqupy
532,Eja Rahayu,2t1abgx,ckaqmf
533,Hasan Simanjuntak,cibervonn9,gfwdws
534,Saadat Pratama,patronoirefj8,bkqxkq
535,Irfan Adriansyah,usklikel9,dsfysq
536,Dariati Yolanda,kirketuktx0,jbpbcq
537,Vega Budiman,vse9a,gnyums
538,Chandra Anggraini,rettae3c,myvaxb
539,Candrakanta Mahendra,martelhokob,tcgsqv
540,Elisa Kuswandari,fornimentu7,mzhwzy
541,Titi Nababan,teipiot8,bedsya
542,Zulfa Hassanah,innsokkne12,bzwhfs
543,Devi Pratama,sandsak3t,dzxjkb
544,Sarah Hakim,ambrijoz4,ahnaex
545,Cakrabuana Saragih,fenilosk,jsmafh
546,Pangeran Hutagalung,lorawonkanl,snwkzm
547,Dalimin Latupono,prispijup0,pjkjwy
548,Cici Agustina,lynnesewska,ajgphy
549,Dadap Wahyuni,ichikaru82,ecwesf
550,Alika Yulianti,holzkernf9,ezmssy
551,Bajragin Prasetya,jemmshumw0,jbnngx
552,Intan Pradana,hoofstadvm,mnspyz
553,Kartika Narpati,vertentetz,vvadyw
554,Jasmani Pradana,tezompr,zauemv
555,Cengkir Mardhiyah,le4safc,kxecvz
556,Hesti Tarihoran,garbesivk,atbtxk
557,Zalindra Yolanda,belulashopyw,djyvys
558,Titin Pratiwi,maryterech,zybnwy
559,Wisnu Sitorus,afterhourkr,kvqjud
560,Zelaya Nuraini,loveyouxx1m,ghmcms
561,Elvin Marbun,houbeniz,unzxwc
562,Keisha Prastuti,bubbazimro7,ejawnk
563,Juli Budiman,hitobootspg,xsbmja
564,Yuni Siregar,teewegzd,tamwbe
565,Jaya Halim,inwentarzc3,ckazqk
566,Siska Thamrin,obavezana24,qghqhr
567,Paris Hidayanto,maxida,nvetvm
568,Tantri Ramadan,busykq6,haqfsm
569,Diah Pudjiastuti,uloguz6,pzmhxc
570,Kamidin Putra,enhoaratz93,ysfknt
571,Malika Haryanto,arrematesu6,fvsdzk
572,Elma Saptono,inventiographmz,avacpu
573,Oman Firgantoro,spit5ym,gxtnhp
574,Restu Padmasari,prasetomob,jnyqyd
575,Pranata Winarno,tistiwg,uzdyjx
576,Jane Nashiruddin,thoughtfix30,qrpkbm
577,Salsabila Hariyah,sykkeltyv6h,qkhnwm
578,Oliva Prasetya,lullihg,czdfzu
579,Galur Puspasari,campowy6s,srzgba
580,Harsaya Hutasoit,mainzuew,dqrnpz
581,Zulaikha Pertiwi,zanobiogk,jjwdfn
582,Anom Pranowo,ks73cf,kwhfzs
583,Saiful Tampubolon,plumeraiy4,kxsuec
584,Farhunnisa Hartati,sichleryo,jzceug
585,Nova Andriani,sethmmm3i,yjgeju
586,Rendy Firgantoro,queenninans,nxcpgr
587,Kunthara Damanik,a1sa2h11s,hbqcsv
588,Muhammad Melani,obzoroml7,ecdpxt
589,Martana Zulaika,garineinf,ejxcfz
590,Kenzie Suryatmi,hmatadlo75,zczhsz
591,Zamira Natsir,4misemsl,ftzznr
592,Fitriani Sinaga,tucapp,zqkdvh
593,Cahyono Usada,referent9d,ejnxdk
594,Marwata Farida,empresarizu,bztmsd
595,Kezia Pratiwi,shirtisflyj9,wkfucj
596,Endah Pratiwi,ladymacbethey,mjwkfe
597,Vera Handayani,poobredricrof2h,knbupw
598,Endah Rajata,alcovejar5q,qpbwsv
599,Paulin Zulkarnain,subjectesb6,pdsdaz
600,Tasdik Samosir,montblancruno6,zyntvz
601,Darman Waluyo,brandonb959jn,mpnbqp
602,Nilam Mardhiyah,cafieroep,brgayd
603,Malik Pertiwi,ti2erxz,ybcxnx
604,Edison Halim,dialagh7,hheurq
605,Sari Mulyani,pedzhett3,npkazt
606,Ira Palastri,rawrlyt23mz,ubtvkq
607,Atmaja Safitri,mythrilwolf6e,naujvy
608,Gading Yulianti,mosierosie8i,rbthvx
609,Taswir Wahyuni,nz1a1riuk,hekqsn
610,Cinthia Oktaviani,danalurpeg0,atwdpq
611,Kawaca Halimah,bifflomimeetew1,dsnkws
612,Diah Pangestu,exceelodrachebr,zcwxxt
613,Balidin Manullang,pijanimdu,hqktdj
614,Leo Saragih,orangesindeedqb,nfnumq
615,Kasiyah Fujiati,zapojaoz2,ezjrbb
616,Maria Gunarto,assurgytogy5x,yzrttt
617,Vera Zulkarnain,phehella3u,qyrygc
618,Zelaya Hardiansyah,icyhotx99gg,fcrgcu
619,Bakda Mangunsong,netenkame4,ufkutf
620,Paris Sudiati,trillocomenge17,zggqgv
621,Yani Pratiwi,skynetorgh,yhhnyu
622,Asman Latupono,lubolz73,yvzpcw
623,Tri Halimah,skrzekotzb,ppteju
624,Pranata Sitompul,loculosowk,putwdu
625,Syahrini Wibowo,pachiza44,jcwrra
626,Respati Purwanti,gribiniwrm5,tqcsbt
627,Almira Prastuti,boulila2l,tzgtgb
628,Jinawi Sirait,proyectolna3l,egrxwt
629,Dwi Halimah,d1v1n1tymx,dttrhv
630,Nadia Simbolon,scarpierame,sqkbcd
631,Ega Tarihoran,sobrecaroxn,gmtvgt
632,Hilda Budiman,alunentspz,ybcdhp
633,Rahman Astuti,anolfihf,qjnfng
634,Labuh Lailasari,izvjestan0o,gvbenf
635,Niyaga Suwarno,iningeteeweesbi,qjaguj
636,Akarsana Mahendra,saesae623k5,swecyc
637,Ajimin Winarno,resedai6,vqppvh
638,Agnes Maryadi,amalthea233e,ktnpae
639,Setya Sinaga,nchanilg,hrjmzh
640,Parman Hasanah,docroller3j,xmpcfc
641,Gada Nasyiah,almadrochct,bjmdcr
642,Chelsea Marpaung,enervantyg,jqqhuv
643,Tari Saragih,denguir4w,vfvdrx
644,Wulan Purwanti,hamageraldbh,etmpwj
645,Anastasia Wahyuni,aldehidatd,ymwhyn
646,Cakrajiya Hasanah,brandzalfz5,dsdecv
647,Elvina Oktaviani,lipophilm3,xcdunp
648,Humaira Kurniawan,bayawe117si,xwvavp
649,Cahyanto Prastuti,perchir3b,vxtytz
650,Purwanto Farida,bluewoolitee7,rfmgwp
651,Warji Susanti,belotao0,htfhth
652,Titi Prakasa,duergoneormzk,csrrjc
653,Karja Santoso,mlg7233u,wjxqwd
654,Nadine Anggriawan,werbeab,xfwwru
655,Cahyanto Latupono,oziacasq,cbrvsz
656,Umi Uyainah,heglowiekz,fawaqv
657,Septi Widiastuti,derechasocialqg,xyzypv
658,Perkasa Nuraini,vorsehez3,qexuyz
659,Kezia Padmasari,impalvaptipvi,jqyheu
660,Elisa Narpati,mehurovaih,dwdden
661,Puji Waskita,recrocax8,nwkjjw
662,Febi Rahmawati,dresovaic,vfdvrp
663,Himawan Mandasari,benignes82,qgauww
664,Zamira Sihotang,rogljilv,umtthx
665,Ika Tamba,papirkag2,pzxazv
666,Bella Usamah,isukrstaw4,rnrumv
667,Nabila Fujiati,missmcelestew9,jcmmuc
668,Rahmat Wasita,cokiimojb,vvheuh
669,Mumpuni Pradipta,esquathi,cndxhc
670,Bella Wijayanti,1aljrrn,qavsjk
671,Harjaya Gunarto,5ran3te2lke,ebvkpr
672,Kamaria Nashiruddin,anayekaa5b,shknsz
673,Zelaya Usamah,bradm1999ks,rudsfw
674,Mahmud Widodo,hrbut,fewpwn
675,Luthfi Hardiansyah,blogbusyjo,qaqpxp
676,Victoria Maryati,apoyaban1y,zxvcga
677,Ira Wibowo,esclairat8v,pvpbpc
678,Najib Prastuti,bauga08,krhvbj
679,Lidya Nashiruddin,psutym9v,fsewrw
680,Amalia Tarihoran,worklesshx,qsvgpy
681,Kartika Zulaika,dirisang6y,mxvzpj
682,Martaka Andriani,joakkinenkt,rvxtsj
683,Lantar Adriansyah,jupill17,mavkst
684,Cinthia Halimah,margotats0k,wwnfmr
685,Lidya Wulandari,felsquegek5,bbbqca
686,Manah Andriani,osmanarguelloyw,uekuzc
687,Bakiman Megantara,davitoa5,dxgmwf
688,Darman Wacana,bugadarsep,nndamu
689,Tedi Rahmawati,andati,bvfsbe
690,Jais Wibowo,uniquepeacex353,ffbvau
691,Harsana Pudjiastuti,kopekab6,rqsqxr
692,Rosman Pratiwi,ddwysau02,rneznh
693,Asirwada Hidayat,currentlyso,sxnwev
694,Irma Ramadan,crewjames2g,tnkepf
695,Ega Sirait,ginn7k,kfymnb
696,Wakiman Utama,umkhandlua5,uqhcuu
697,Akarsana Sudiati,fa1gyoe1,jvazps
698,Tirtayasa Adriansyah,kaitiex22gq,jbtryy
699,Luhung Yulianti,krotsaum7r,cgrhmg
700,Fitriani Ramadan,sotaventnd,btvjaj
701,Agnes Safitri,gorgenych8c,taperg
702,Purwadi Halim,uokvirili4z,rknhdw
703,Elma Santoso,panaccio9x,gqtbad
704,Novi Latupono,dilladtk,ywcezu
705,Prakosa Namaga,gagoffiffb7,dhawzc
706,Cahyanto Setiawan,liggr4s,zvnegf
707,Restu Tamba,iodimitic1l,cjyrfe
708,Ganep Wahyudin,skyrtunant,xanjxa
709,Irsad Nainggolan,rmscutie201yd,fetkwk
710,Kiandra Winarsih,fanficskoph,awwwpe
711,Kala Pratiwi,lusadingl6,awrajh
712,Qori Sirait,besssyncevist7z,umzpcn
713,Fitriani Pertiwi,j01nm31nd34th23,wuzzhc
714,Wani Susanti,bahloma81,achctt
715,Hasna Tamba,dontcallmeabeyf,rmyszy
716,Daryani Sihotang,nouslyshooday1x,zdkeyn
717,Okta Najmudin,zida3o,dnmrjg
718,Rudi Wijaya,arofunnon0w,gyxjpf
719,Hasna Kuswandari,trentemaive,uhvafr
720,Eli Nashiruddin,jenksu1,jcgmur
721,Restu Setiawan,v1mwe,tdzhtp
722,Martani Megantara,taliezh,hzmvne
723,Satya Nurdiyanti,kammerauen,dxvdwf
724,Kasiran Halim,vechtjasrl,muruuu
725,Hari Napitupulu,avonto07,kwrwwn
726,Salimah Tampubolon,jaimeeffio46,xfkugy
727,Daru Halimah,zgorimhr,mecmxx
728,Putri Permata,arystonod,uysmcx
729,Rafi Lailasari,ribiz9n,tafqfy
730,Citra Aryani,setoolblog18,zkrzvc
731,Erik Nuraini,bacaranijl,rnsdxm
732,Chandra Utama,profgreren1,vtyret
733,Viktor Sitompul,spyrosn6,xnkess
734,Reza Mulyani,o5rige1reuc,pfrums
735,Hesti Susanti,ljubomoravr,nfcehn
736,Yuni Novitasari,kninu0i,uwqedu
737,Eka Salahudin,o1diyf,accqqb
738,Erik Saefullah,pittbkkerba,kggscu
739,Lintang Wulandari,slotoviepus81,brmvak
740,Prasetya Nababan,mesesmn,wuywnr
741,Vero Permata,sealernf,sfprxy
742,Eka Wulandari,lakest77,ptunpr
743,Jarwadi Sitorus,zoeyhanson9k,fxahxx
744,Nilam Nashiruddin,kanastaciasy,getjxj
745,Elma Lestari,naxaminnagb,veuypc
746,Safina Kurniawan,krotsaum27,egcfkd
747,Raisa Pradipta,rijstkom1p,qcdbrw
748,Gangsar Hastuti,trosatnu35,sngajm
749,Ira Firgantoro,mgdoup,kcynhp
750,Jatmiko Wasita,vygantasi5,wmhtsh
751,Farah Laksita,wo0ssnh,rqewxk
752,Raisa Damanik,labutsiwep2,zktvfs
753,Dono Napitupulu,voorskaafyj,fspcwr
754,Ajimin Safitri,lavermang7,bsfvbq
755,Ida Wahyuni,tembelhc5,skejzh
756,Warsa Wasita,mekhiwuqq7,qrpjgq
757,Nyana Hutasoit,diurrettesp,fvcsfx
758,Hasan Santoso,phaptatretmonp4,rtbtxa
759,Bahuwarna Hasanah,cesaresimouw,nzzzja
760,Fitria Uyainah,weabbizagnepen5,nejmzm
761,Mariadi Thamrin,benefitwm,eryabr
762,Maimunah Uyainah,aruix1,nynupx
763,Paiman Situmorang,koxx3oa,kcbcnw
764,Oni Kuswandari,hatikahh3,zmjpsr
765,Faizah Najmudin,protesysd3,fafrbs
766,Jasmin Nainggolan,reevex6,zueunh
767,Praba Mustofa,vervena02,bhvtxz
768,Ghaliyati Maryadi,romfahrerco,rswzqy
769,Kacung Widiastuti,empacavaseh,hawawx
770,Farah Hassanah,hanzelem5n,xqskfm
771,Jarwa Saragih,englobavax0,mpxdsw
772,Reza Irawan,kwethubapr,jmxpqj
773,Raisa Widiastuti,trembowladu,mmvypn
774,Victoria Widodo,kriptoar,zmnraa
775,Maria Hidayanto,tipkatg1,mqvttk
776,Laksana Yuliarti,latvijaw3,cravxf
777,Gina Oktaviani,rescrivesqq,awqyzp
778,Maras Budiyanto,bobovye,nkkysg
779,Pardi Astuti,neurecht00,bbjpby
780,Anastasia Utama,in1de3tei,mjpjqd
781,Yani Winarno,cariantsz5,gxjmeq
782,Kairav Suryatmi,rno2kiscy,rqvesh
783,Satya Sitorus,meise2y,etrdju
784,Cinta Pradipta,reseda48,ndryvg
785,Endra Oktaviani,usmrtila3o,gxubeb
786,Damu Iswahyudi,lutkara2a,xyvcza
787,Michelle Sitorus,convienemjh,wzxpqb
788,Zahra Napitupulu,loopings73,uhuagn
789,Gaman Sihombing,lamosina0c,atbeqn
790,Gaduh Safitri,sudnjegxv,hnmmbz
791,Harjaya Handayani,flattachw3,dpadjx
792,Julia Usada,cemperasvb,xxyrwe
793,Lalita Ramadan,umxoxi8t,xnmtks
794,Cawuk Kuswandari,cartonsui,krakcx
795,Hartana Nasyiah,ochelogum,nyyxea
796,Zaenab Lailasari,thuleiantupaq1,svrasy
797,Lidya Permata,bazardavikf,ensrcj
798,Bakijan Mangunsong,tardda2e,dwbcxd
799,Ani Tamba,cshottie8uh,dqvvcw
800,Laila Prakasa,paco2024121z,aubeyt
801,Azalea Ardianto,nomborn5f,dypmrp
802,Banawi Lazuardi,deugnietc2,mftzuv
803,Wirda Saputra,scanea2l8,exzfbq
804,Bakidin Yulianti,illewmeveqp,wbzmsh
805,Cakrawala Hutapea,spielraumum,qguznn
806,Asmianto Nurdiyanti,papilosac,adgytk
807,Kenes Usada,fersin4q,brrhmp
808,Radika Januar,krzepawd,xgsjna
809,Yulia Andriani,drydayironymnm3,zrxqjq
810,Raina Saragih,nudecardszc,zdbfsc
811,Usyi Pudjiastuti,postradahgz,xaycqe
812,Malika Wulandari,silindai8,cbeypp
813,Ida Oktaviani,astrovandylc,zgmdmq
814,Genta Hutapea,ganilatskv,jfkwyf
815,Galih Wijaya,l1el1sor0,aghfcu
816,Ganda Wacana,tironhetz8z,wjzdzp
817,Viman Utami,renovelesd6,jyvrpt
818,Kuncara Hakim,zambringl,fugcgc
819,Kala Rajata,bikainak4q,pahern
820,Kemba Megantara,plonelonameftm9,pcnkzq
821,Cawuk Novitasari,shongwez6,nhpwhn
822,Jamalia Narpati,jawdrannyzn,zyxzyr
823,Kambali Hastuti,igapooch0l,prbmjf
824,Eva Rajata,filpiku,vtcvnf
825,Indah Saptono,espopants7y,jnyver
826,Kasiyah Haryanti,swtaznprinceg2,jepjvs
827,Putri Nuraini,framuro2,vswqqn
828,Enteng Suryono,myclebereos,aufhps
829,Kadir Pratama,biostoffh2,nwsjkp
830,Warji Mardhiyah,pitiriasibk,cmfskc
831,Prabu Hutapea,grillinuat,jfmzxv
832,Cecep Prayoga,g3o2m3lzh,qubbwy
833,Marwata Pratiwi,rumannaoh,gvjckg
834,Opan Wulandari,papliekia4w,ucznqe
835,Rina Pertiwi,deslargar4p,pmtpbg
836,Hilda Zulkarnain,ucishiwe82,mxjjhu
837,Agnes Haryanto,apu3000or,pbwwnd
838,Iriana Pradipta,orsusannor1,edjnzu
839,Cici Yolanda,bijenboertq,vbgayw
840,Jumadi Hutasoit,anayekaali,eshcne
841,Humaira Melani,de3na1tlr,ryfmsg
842,Karen Andriani,ranze5j,euwtzm
843,Purwadi Mulyani,ipurdidantza93,nftgyr
844,Eluh Nashiruddin,riiski,buyftk
845,Vicky Wijayanti,stidanxo,twcknb
846,Unjani Susanti,verloben0t,fkhspf
847,Kuncara Firgantoro,brivecdp,xzqucv
848,Dalima Narpati,rompvormry,ccmpnq
849,Gilda Jailani,vulavolonumnj,qmzdwq
850,Titin Irawan,abiniengivah1,eazbgp
851,Gandewa Nasyidah,fillecheriedi,rwcabx
852,Banara Melani,fildystormw,rkbcgb
853,Kamila Safitri,emilytlim4m,cryzpu
854,Daliono Hastuti,zapparolit6,zqkgqa
855,Tami Winarsih,deurkliefp3,byuqnm
856,Taufik Dabukke,daturabl,kphqae
857,Sari Firgantoro,adalsindadi,rykces
858,Irfan Waskita,peextgroopegj,kmgspd
859,Anggabaya Riyanti,erbittern56,audjkx
860,Aisyah Hidayat,anuliinauo,bbtftd
861,Opung Iswahyudi,ynt6y,dbrhvg
862,Raihan Haryanto,atatupaoi,yapgst
863,Edi Kusmawati,gleisadatj,agscyp
864,Teddy Safitri,rajolacz,zsxecf
865,Iriana Marbun,elpagitj,uztytp
866,Parman Kuswoyo,leksoutq4,cgzuuu
867,Maida Saputra,glimpie8l,srevex
868,Bella Marpaung,lierfeldb2,rashgt
869,Tomi Wulandari,zombieyr,vmmahq
870,Oman Prasetya,tankan8h,zdmzau
871,Puput Sirait,luthrovb1,uyrysk
872,Titin Aryani,timolatiu0,cacxnp
873,Dadap Kurniawan,msdesignso5,vxmmgj
874,Rahmi Saragih,creachan40,asheuy
875,Cahyanto Januar,sarpanord,pvkxsu
876,Ella Hartati,madrudd0q,xmwfyp
877,Lidya Kuswandari,berekenwu,tgfsaz
878,Gawati Namaga,schinditz87,pfeqhb
879,Salimah Sirait,liloupassiond9,fmrspe
880,Edi Firgantoro,gathrr,msahax
881,Praba Hartati,kiyom3,cpsaue
882,Galak Haryanto,aporie2u,zejttm
883,Amelia Budiyanto,foglar9y,vxkthp
884,Kunthara Maryadi,papliekialf,uvvzby
885,Mustika Nasyiah,araixmm,qjytrf
886,Karen Hariyah,pakanisaen,mrhvkj
887,Caturangga Habibi,ellary9f,ukmewq
888,Agnes Budiman,benicchimt,kjbfuu
889,Agnes Maryati,terminado97,ukejdz
890,Dodo Mustofa,enfrocavi43,bxuytk
891,Ella Astuti,pes3t3t7,nvkmet
892,Bajragin Widodo,najduljom0f,kbqtpf
893,Gantar Sirait,acturparpk,dnnqhe
894,Atma Padmasari,picinelliod,jyumcw
895,Ciaobella Narpati,cymesuro3s,vbyqtp
896,Farah Riyanti,mudnmascaravz,zndcpz
897,Perkasa Waskita,pirozonh,srfgmm
898,Prasetyo Farida,cozyknowledgetw,ppjksm
899,Ajimat Pradana,cilindras60,hbygva
900,Dian Haryanti,terlelaft7i,msnqtg
901,Zelda Pangestu,sendunaof,wqqkwq
902,Jumari Suryatmi,brbljivcu62,uymrjd
903,Patricia Tampubolon,delrivot6,fkstus
904,Fitria Najmudin,uhoitznemope,cazpfp
905,Danu Melani,ny1skwt,qvrwxj
906,Puji Purnawati,gyfyrdyr9w,fcwphq
907,Prabowo Safitri,akuyikuma0b,sxjmyr
908,Kartika Nainggolan,srbijankiza,egryxw
909,Taswir Manullang,osmotics93,tvnvvr
910,Wakiman Zulaika,gewekenp6,ngptwu
911,Dodo Situmorang,kuvotwa10,sbfrse
912,Emas Marpaung,archipel9g,vjrqtp
913,Reza Dabukke,wexttrauloula6n,tzappm
914,Sari Usamah,nizahawt,enrubt
915,Prasetya Usada,supergangstervn,vfwecd
916,Yulia Rajasa,bljutavari,papagm
917,Mahfud Haryanto,heymans1t,yebskp
918,Farah Kusumo,upturn6u,yneagu
919,Rendy Maulana,kbabe42l8,xhptxv
920,Ajiono Firgantoro,emilytlimqx,gxatqp
921,Iriana Usada,grabljamawq,mvsxvu
922,Darman Maryadi,innsettur5s,bwqjbw
923,Darijan Simbolon,sinabihanxc,wfdmkm
924,Kardi Kurniawan,vilgirdag9,gjrpkd
925,Najwa Widodo,angolando3k,sdwbhy
926,Puput Prastuti,strideworldiq,xfkyzs
927,Radika Sihotang,masonrywa,dturgs
928,Ivan Pratiwi,lu1su2p1v2,wcaunm
929,Jelita Widodo,baserqv,eghwen
930,Maimunah Hassanah,bojevatiol,xxnmnn
931,Febi Wijaya,tiercecheessehj,vwvydn
932,Ratna Puspasari,engramearqg,nbymub
933,Saiful Yolanda,gabbyboxy1121v7,dgkpws
934,Ifa Sihotang,cabotatsf3,mueevj
935,Opung Nasyidah,setoolblogj0,qxepkk
936,Bala Saptono,allitadatx,mdbkce
937,Irsad Novitasari,ditheongki,bbbncw
938,Najib Anggraini,loccojg,unbvuv
939,Agnes Yolanda,palellarp,cnrkyk
940,Puti Usada,chanarone1b,gjqcyd
941,Kasiyah Pranowo,norillerzp,kawsqy
942,Viktor Budiman,dychwelerjo,mrswmp
943,Agus Mandala,sciunnachc5,rfvvpn
944,Candrakanta Prastuti,bellychpv,acrwqv
945,Salwa Pradipta,bustanini1e,rjrysf
946,Mila Tamba,getoonaw,zyhttb
947,Darmana Nababan,yoligrillag9,xqcdfv
948,Endah Sihombing,maaabots5,ukadnn
949,Siti Suryono,vezzolatoh2,atagak
950,Cager Zulaika,kremenof,evmzab
951,Marwata Januar,obessyasyncxz,qdcspc
952,Tantri Yulianti,wrelmeffeldqm,hhwhaa
953,Galuh Kusmawati,namanewt,vwmhvp
954,Yusuf Natsir,at3e2au39h,qzfqck
955,Shania Dabukke,tjkornkid0i,khnudc
956,Ade Zulkarnain,poplaretzmr,vqbtnh
957,Cindy Samosir,kipptustos,yxqwje
958,Jefri Lailasari,macesenmw,nqpkzu
959,Jaka Wijayanti,ksakid15mb,nnmevn
960,Raden Situmorang,martinalmhz,gaentk
961,Ganda Damanik,pertrasiob,gknujb
962,Unjani Usada,brigantiqi,qhnnzx
963,Genta Sihombing,aprivadarw3,mumqne
964,Jagapati Yuliarti,varasdia9,qzceab
965,Adika Wacana,suzanncn,sghhpp
966,Pranata Gunawan,simari1w,tymqkx
967,Nova Utami,history03d6,ynnjay
968,Paiman Nasyiah,usiriol,bjydnb
969,Damu Nuraini,swanehalszq,qtwkfm
970,Cemplunk Tamba,beezystofly9g,yjwrpf
971,Nova Suwarno,mlee1025870o,uwyvvf
972,Tami Iswahyudi,2nye1nej0,jceqxp
973,Hendra Hasanah,craigbilly324za,ksudxp
974,Ana Rahimah,aplecavazx,xabzgj
975,Eka Namaga,regratqj,yswjzv
976,Vega Agustina,valesulfilov1,fnbbst
977,Nadia Lailasari,hreinanaor,yuaxfq
978,Ika Kusmawati,kumntwana5c,jebmhm
979,Kawaya Napitupulu,grydda15,pmwprt
980,Diana Budiman,sviplegumpw,yjwvcg
981,Adika Adriansyah,nulitate38,sfsfkk
982,Cahya Wahyuni,vlivalqg,eeqxwd
983,Restu Melani,taliadbl,ptengu
984,Unjani Utama,piepsenph,wqrykn
985,Karma Lailasari,ordisses11,ekfbcx
986,Cahya Nasyiah,tonibrea40,kstxwn
987,Nadine Lailasari,redbaronnech,yxgnuv
988,Eka Handayani,angerangely4,wqqsqd
989,Farhunnisa Nuraini,psicoticoga,ezpgtj
990,Gandewa Kuswoyo,dragonsack1u,kkrqud
991,Eli Nasyidah,monkeydork66qq,mggfpg
992,Kairav Farida,desaxugarsk,qhujbp
993,Hana Hassanah,nyczeckocz,mbpuuj
994,Nilam Lailasari,krabvleesi0,hwgpkj
995,Harto Manullang,averinayhh,rapthd
996,Martaka Firmansyah,protutnji54,mxwwmx
997,Lanang Winarsih,offsasscy,fnruwt
998,Dalima Hastuti,trinagrangerwy,qfsykh
999,Tiara Halimah,bl0odytearsyt,bfbtvb
